N,B,median_ms,p90_ms,per_traj_us,n_solves,L2_mean
64,1,0.2224,0.2472,222.4,6010,0.028755
64,1,0.2232,0.2442,223.2,6010,0.028647
64,1,0.2221,0.2435,222.1,6010,0.028647
32,1,0.1843,0.2262,184.3,18030,0.027370
64,1,0.1777,0.1962,177.7,18030,0.028717
128,1,0.1943,0.2243,194.3,18030,0.030148
256,1,0.2149,0.2545,214.9,18030,0.030290
512,1,0.3451,0.3941,345.1,18030,0.030330
32,1,0.1838,0.2257,183.8,18030,0.027370
64,1,0.1784,0.1962,178.4,18030,0.028717
128,1,0.1940,0.2235,194.0,18030,0.030148
256,1,0.2151,0.2549,215.1,18030,0.030290
512,1,0.3449,0.3970,344.9,18030,0.030330
